22.563189,88.351852,0,21994
22.537685,88.351852,0,23383
22.53794,88.354274,0,21372
22.560564,88.351465,0,22554
22.56093,88.352832,0,22142
22.54153167,88.36477667,0,24027
22.541296,88.352924,0,20141
22.54433333,88.3495,0,20458
22.561158,88.359742,0,22043
22.53937667,88.32306333,0,23491
22.552584,88.357775,0,21179
22.553098,88.351146,0,20879
22.53351667,88.35173889,0,24408
22.564423,88.351278,0,21755
22.53982,88.361684,0,21836
22.541393,88.348639,0,20495
22.537742,88.354285,0,23162
22.549193,88.350599,0,20177
22.53199833,88.35161833,0,23766
22.5379,88.351408,0,21132
22.542801,88.359982,0,20283
22.54733333,88.35616667,0,22441
22.563417,88.351273,0,23178
22.553227,88.363993,0,21121
22.53956167,88.36319667,0,23682
22.553022,88.352512,0,21171
22.561157,88.353131,0,20081
22.541292,88.365551,0,21077
22.559582,88.351752,0,20765
22.55483167,88.371915,0,23681
22.557721,88.354629,0,22779
22.544032,88.354043,0,21433
22.538138,88.345063,0,22693
22.536625,88.349374,0,21122
22.539265,88.346683,0,20649
22.544641,88.354602,0,22175
22.545538,88.353633,0,21991
22.554195,88.353743,0,22144
22.55658611,88.35451389,0,23545
22.538185,88.35127,0,22777
22.531604,88.347709,0,23961
22.549521,88.370772,0,22410
22.529158,88.3464,0,21047
22.55363889,88.35771111,0,24067
22.564876,88.352228,0,22057
22.544903,88.337238,0,22737
22.533699,88.3678,0,23448
22.562249,88.35104,0,22646
22.560654,88.351667,0,21052
22.537941,88.3512,0,22898
22.54483333,88.35466667,0,21343
22.553813,88.353465,0,23441
22.542104,88.351847,0,22876
22.557998,88.354008,0,22526
22.54733333,88.35616667,0,20619
22.542613,88.351985,0,21335
22.562909,88.351203,0,21161
22.556883,88.35543,0,20778
22.537296,88.369388,0,22833
22.541749,88.348582,0,21197
22.540179,88.358337,0,21837
22.55971,88.350929,0,20880
22.543791,88.352555,0,23760
22.544988,88.355543,0,22746
22.540319,88.365119,0,21051
22.561634,88.351884,0,22372
22.539248,88.323072,0,22727
22.553604,88.359374,0,21177
22.557899,88.354457,0,20506
22.53362833,88.347205,0,23784
22.542171,88.348741,0,21990
22.537941,88.3512,0,22899
22.552441,88.356418,0,20655
22.538751,88.344179,0,20633
22.54404,88.347776,0,20858
22.553321,88.352118,0,20875
22.532537,88.343593,0,22013
22.558089,88.353534,0,23183
22.54445278,88.36354167,0,24507
22.537955,88.35122,0,20783
22.546749,88.361213,0,20615
22.54280167,88.325025,0,22731
22.533874,88.35309,0,21790
22.54043,88.32463,0,23684
22.54314,88.357755,0,22379
22.550514,88.354725,0,22961
22.559303,88.353982,0,23233
22.536712,88.350887,0,20286
22.551485,88.355698,0,22114
22.551644,88.363361,0,21145
22.557816,88.354116,0,21245
22.560224,88.366773,0,22417
22.551535,88.355647,0,22099
22.556499,88.35418,0,21600
22.554359,88.351286,0,20834
22.556499,88.35418,0,21602
22.562067,88.35232,0,20868
22.541091,88.354714,0,21512
22.558879,88.352622,0,21642
22.550591,88.354757,0,22960
22.541091,88.354714,0,21860
22.539294,88.349654,0,21133
22.541625,88.34805278,0,24283
22.54197222,88.363275,0,24573
22.556903,88.355704,0,23117
22.561014,88.358691,0,23345
22.542659,88.362862,0,23362
22.54333333,88.358,0,22242
22.529152,88.345254,0,20716
22.552315,88.363678,0,23967
22.537194,88.358292,0,23743
22.534526,88.364823,0,21812
22.532393,88.349754,0,23398
22.54666667,88.3495,0,20727
22.536069,88.346163,0,21894
22.557899,88.354481,0,22539
22.539322,88.365051,0,21838
22.563952,88.358998,0,22935
22.529675,88.346458,0,23387
22.560757,88.351847,0,22720
22.53892667,88.32163167,0,23956
22.543484,88.358099,0,23660
22.534515,88.35355,0,20522
22.538948,88.349647,0,23908
22.546316,88.361661,0,21692
22.558572,88.352294,0,21606
22.556923,88.354494,0,20793
22.563204,88.35174,0,22169
22.537957,88.366652,0,23522
22.560757,88.351562,0,21456
22.53333167,88.346505,0,23779
22.53126,88.34653833,0,23662
22.55483167,88.371915,0,23634
22.549338,88.350103,0,22548
22.53906,88.36538,0,23782
22.554359,88.351286,0,21774
22.540957,88.366035,0,21863
22.537941,88.3512,0,22875
22.561429,88.353348,0,21295
22.55664,88.354604,0,22158
22.536186,88.352249,0,23249
22.537941,88.3512,0,22890
22.539117,88.365359,0,23803
22.562481,88.351565,0,21583
22.54003167,88.32684333,0,23566
22.554324,88.353823,0,23285
22.53888,88.321875,0,24000
22.5604,88.351444,0,20456
22.54576,88.348708,0,20397
22.539117,88.365359,0,23914
22.558518,88.352294,0,21607
22.541294,88.364787,0,20652
22.557032,88.354533,0,20412
22.541455,88.352722,0,23264
22.551654,88.371534,0,23462
22.542698,88.355852,0,21310
22.541709,88.353719,0,21037
22.536003,88.354274,0,21549
22.556826,88.352841,0,23615
22.53789,88.351378,0,20644
22.541403,88.36559,0,23627
22.537941,88.3512,0,22897
22.537941,88.3512,0,22894
22.531506,88.353094,0,23455
22.539117,88.365359,0,23801
22.542575,88.357345,0,21949
22.562996,88.352882,0,23174
22.53816,88.351227,0,24187
22.553554,88.356812,0,22049
22.564363,88.351739,0,23353
22.539117,88.365359,0,24546
22.560123,88.354948,0,22545
22.534164,88.346025,0,21318
22.533862,88.353212,0,22619
22.553702,88.349411,0,21785
22.529098,88.331663,0,21279
22.558518,88.352294,0,21388
22.547534,88.349567,0,21946
22.542842,88.352241,0,21951
22.547046,88.351517,0,21522
22.558352,88.351713,0,22569
22.538044,88.344977,0,21446
22.562481,88.351565,0,21582
22.556442,88.357264,0,21074
22.541567,88.347785,0,20829
22.54716389,88.3488,0,24517
22.535767,88.35411,0,23392
22.544638,88.356334,0,23084
22.539243,88.347756,0,21147
22.545183,88.348994,0,21336
22.553724,88.351316,0,20851
22.538969,88.35457,0,23656
22.561651,88.354226,0,22787
22.544072,88.360291,0,20464
22.541389,88.349708,0,21337
22.539159,88.347558,0,21854
22.548,88.35366667,0,23604
22.539306,88.347257,0,20780
22.54716389,88.3488,0,23963
22.539117,88.365359,0,23839
22.53358056,88.364625,0,24420
22.537747,88.35447,0,23461
22.52892222,88.34448889,0,24422
22.551446,88.352279,0,21712
22.5521,88.35260833,0,24650
22.550688,88.361913,0,22708
22.56466,88.35149,0,23349
22.54683333,88.35,0,21316
22.535559,88.351377,0,23399
22.553172,88.352181,0,20881
22.54983333,88.35016667,0,21665
22.540251,88.363396,0,21066
22.562361,88.353496,0,20012
22.542171,88.348741,0,22170
22.539015,88.322504,0,20810
22.534224,88.35076,0,22593
22.560574,88.351565,0,22607
22.563764,88.353331,0,21155
22.54814667,88.37101667,0,23853
22.561273,88.352225,0,20817
22.547797,88.354322,0,22002
22.560182,88.351646,0,20872
22.53943167,88.36258,0,23374
22.547693,88.35544,0,23862
22.539117,88.365359,0,24315
22.540945,88.354867,0,21988
22.541071,88.355167,0,23889
22.538178,88.344667,0,23049
22.554359,88.351286,0,21780
22.545055,88.353577,0,22802
22.564039,88.351297,0,23175
22.539117,88.365359,0,24417
22.561113,88.350913,0,21579
22.546192,88.349762,0,22103
22.54426,88.36046,0,21149
22.553673,88.351606,0,20873
22.542726,88.365453,0,23365
22.562491,88.35157,0,21580
22.539117,88.365359,0,23800
22.551659,88.353526,0,22946
22.535517,88.351643,0,23621
22.5521,88.35260833,0,24446
22.533862,88.353212,0,21017
22.547851,88.354295,0,22458
22.553554,88.356812,0,20826
22.553831,88.354273,0,20795
22.559013,88.351404,0,23920
22.540836,88.365006,0,21425
22.541258,88.350359,0,21367
22.560551,88.3515,0,22778
22.548,88.35366667,0,21649
22.546318,88.36124,0,20420
22.539117,88.365359,0,23890
22.554359,88.351286,0,21781
22.552631,88.351058,0,20828
22.56015,88.351699,0,23184
22.532849,88.347979,0,22026
22.54783333,88.35516667,0,21867
22.544644,88.364173,0,21180
22.540989,88.347459,0,21668
22.540713,88.325014,0,20672
22.54007778,88.36504444,0,24387
22.537905,88.351196,0,20827
22.552923,88.351195,0,22794
22.545772,88.349966,0,21544
22.560757,88.351847,0,23467
22.546692,88.348234,0,22373
22.532507,88.349529,0,23397
22.536471,88.352311,0,21584
22.533874,88.35309,0,23998
22.549922,88.355081,0,22333
22.544427,88.358138,0,23198
22.554407,88.353733,0,21165
22.547445,88.355515,0,21850
22.553098,88.351146,0,23804
22.541258,88.350359,0,24464
22.55863333,88.35067778,0,24473
22.539117,88.365359,0,23792
22.545466,88.351656,0,21531
22.553339,88.351949,0,20855
22.53717333,88.34421,0,24014
22.5521,88.35260833,0,24727
22.551305,88.352512,0,21919
22.559382,88.352686,0,21680
22.552236,88.352773,0,24332
22.553591,88.351975,0,21511
22.545325,88.353447,0,20543
22.552636,88.352678,0,21189
22.537819,88.344192,0,20754
22.532854,88.364947,0,21594
22.55224167,88.35323333,0,24325
22.547048,88.352964,0,20090
22.54733333,88.35833333,0,21601
22.541258,88.350359,0,21368
22.53569,88.354041,0,21641
22.543742,88.358166,0,21788
22.553209,88.351159,0,20878
22.543189,88.353968,0,21896
22.534586,88.36481,0,20967
22.545772,88.349966,0,20884
22.544792,88.35487,0,22460
22.560145,88.35165,0,20871
22.561344,88.351297,0,21525
22.53938167,88.322575,0,24136
22.541301,88.365707,0,20602
22.53683,88.35238167,0,23903
22.541091,88.354714,0,21620
22.546469,88.352977,0,21018
22.545772,88.349966,0,24341
22.560758,88.351594,0,21060
22.553041,88.366948,0,22656
22.552927,88.353185,0,21551
22.552107,88.353493,0,21864
22.538324,88.349086,0,22004
22.537999,88.349293,0,23555
22.535739,88.357042,0,20035
22.552236,88.352773,0,21470
22.55279,88.352261,0,20630
22.543591,88.35366,0,22189
22.536773,88.351356,0,21796
22.537955,88.351222,0,20499
22.560684,88.351642,0,20172
22.54253,88.347605,0,20864
22.53308611,88.36495278,0,24395
22.554284,88.351699,0,21509
22.537724,88.334404,0,21487
22.541258,88.350359,0,21369
22.555345,88.350607,0,23647
22.5336,88.350625,0,24429
22.541076,88.352353,0,21825
22.541128,88.353832,0,22878
22.537955,88.351224,0,20968
22.535671,88.36507,0,23236
22.562124,88.35351,0,21176
22.558274,88.353994,0,22095
22.539117,88.365359,0,23673
22.553613,88.351505,0,20964
22.538165,88.351251,0,21441
22.53904,88.347265,0,22006
22.552667,88.352661,0,23805
22.534064,88.356796,0,21146
22.547007,88.354143,0,20407
22.538969,88.35457,0,20345
22.540821,88.367926,0,21412
22.546491,88.361892,0,21527
22.53385189,88.3654007,0,23471
22.53496389,88.35348611,0,24344
22.538294,88.345977,0,21386
22.537563,88.344264,0,23218
22.55472,88.350892,0,22082
22.539174,88.354675,0,20945
22.539117,88.365359,0,24205
22.5521,88.35260833,0,24487
22.546365,88.361728,0,21691
22.557887,88.354508,0,21868
22.533587,88.350782,0,23511
22.541537,88.348449,0,20675
22.536525,88.364975,0,24376
22.539367,88.346968,0,21573
22.541258,88.350359,0,21356
22.5455,88.349,0,21986
22.541155,88.359046,0,21689
22.54733333,88.35383333,0,22457
22.542193,88.351707,0,22418
22.534553,88.364802,0,23057
22.545772,88.349966,0,20866
22.54638611,88.34783889,0,23718
22.553162,88.353107,0,21355
22.552892,88.352573,0,21212
22.55316,88.352437,0,22067
22.55178,88.352541,0,21376
22.539117,88.365359,0,24504
22.546821,88.356025,0,20520
22.558716,88.352592,0,22116
22.554079,88.371778,0,21578
22.542372,88.360612,0,21728
22.562491,88.35157,0,21581
22.561344,88.351297,0,21521
22.53825,88.351273,0,23854
22.539117,88.365359,0,24286
22.543004,88.360652,0,20959
22.552821,88.353167,0,21725
22.552971,88.353216,0,21349
22.536788,88.351334,0,21543
22.545772,88.349966,0,21542
22.537724,88.334404,0,21472
22.560161,88.351526,0,20860
22.537977,88.351268,0,21588
22.543706,88.358111,0,20838
22.559293,88.352965,0,21636
22.547339,88.35074,0,20279
22.54436,88.352424,0,23396
22.554284,88.351699,0,21506
22.545579,88.34791,0,23875
22.54732572,88.35047855,0,22255
22.544668,88.356785,0,21432
22.538448,88.35429,0,20720
22.546992,88.350167,0,20698
22.553839,88.351259,0,21708
22.538165,88.351251,0,21053
22.558755,88.351202,0,22056
22.554284,88.351699,0,20850
22.548899,88.351287,0,21230
22.532147,88.331862,0,20789
22.551864,88.352474,0,21382
22.532943,88.352933,0,20273
22.5412,88.352557,0,21559
22.53903889,88.36534167,0,24503
22.54733333,88.34983333,0,21019
22.554284,88.351699,0,20848
22.554284,88.351699,0,20849
22.537142,88.358893,0,21510
22.53847,88.364915,0,22722
22.547228,88.354194,0,20274
22.53909722,88.36550833,0,23899
22.54733333,88.35616667,0,21389
22.55583333,88.34933333,0,20529
22.537733,88.349029,0,24342
22.542017,88.363583,0,20796
22.559481,88.352751,0,21211
22.558464,88.350706,0,20600
22.552449,88.352662,0,20404
22.538886,88.322199,0,20747
22.543189,88.353968,0,23629
22.539367,88.346968,0,23879
22.545466,88.351656,0,21529
22.53816,88.351227,0,21365
22.537724,88.334404,0,21497
22.552964,88.353029,0,20350
22.542642,88.355873,0,21590
22.553583,88.353077,0,21380
22.551413,88.353889,0,21213
22.537724,88.334404,0,21471
22.549682,88.349333,0,20193
22.554284,88.351699,0,21508
22.553073,88.352638,0,21798
22.553073,88.352638,0,20870
22.54436,88.352424,0,20322
22.538165,88.351251,0,23831
22.537941,88.3512,0,20974
22.537724,88.334404,0,21461
22.545466,88.351656,0,21530
22.543303,88.365574,0,20797
22.539214,88.365707,0,23729
22.537094,88.359327,0,20928
22.537724,88.334404,0,21474
22.561344,88.351297,0,21523
22.532913,88.347545,0,22077
22.54661667,88.35746667,0,24500
22.539176,88.362876,0,21843
22.551627,88.355811,0,21576
22.554284,88.351699,0,21424
22.537724,88.334404,0,21462
22.537724,88.334404,0,21215
22.629723,88.421402,1,21450
22.611927,88.411005,1,20816
22.621175,88.401532,1,21229
22.60403,88.403729,1,20759
22.620847,88.402408,1,21228
22.62167333,88.43209167,1,24151
22.622087,88.450388,1,22427
22.622951,88.45008,1,23451
22.623484,88.441695,1,22032
22.622127,88.432742,1,21747
22.612547,88.429087,1,20777
22.60377,88.424291,1,21436
22.6186,88.43196333,1,24143
22.645913,88.433555,1,21338
22.623736,88.440648,1,22028
22.61063667,88.42805333,1,22246
22.62167833,88.43210167,1,24149
22.615462,88.412148,1,23148
22.607563,88.410391,1,21784
22.615462,88.412148,1,23141
22.622409,88.450313,1,21514
22.615462,88.412148,1,23145
22.649621,88.436072,1,21493
22.662715,88.376496,1,21419
22.602849,88.425329,1,22835
22.635045,88.436196,1,22225
22.652519,88.377436,1,20640
22.622435,88.410116,1,21332
22.615462,88.412148,1,23144
22.61348167,88.422685,1,21482
22.621743,88.404946,1,22160
22.62214,88.409355,1,21328
22.619517,88.432597,1,22228
22.619237,88.413101,1,20650
22.660554,88.386729,1,23207
22.632986,88.434426,1,21960
22.604752,88.423322,1,22240
22.609202,88.431116,1,22247
22.622171,88.414198,1,22614
22.608066,88.431849,1,23388
22.64123056,88.3779,1,22837
22.60636333,88.41104333,1,23832
22.623122,88.443355,1,22093
22.61035333,88.41439833,1,21586
22.60379,88.424446,1,20744
22.620238,88.395763,1,22801
22.610735,88.409253,1,21268
22.64468,88.374565,1,23153
22.622402,88.409392,1,21340
22.609495,88.409906,1,22130
22.605577,88.411279,1,22153
22.611072,88.408842,1,21265
22.624325,88.43905,1,21486
22.633194,88.434453,1,21828
22.622375,88.447628,1,22033
22.61258833,88.41091667,1,23929
22.610449,88.51452,1,22464
22.622087,88.450388,1,21870
22.612862,88.429711,1,23130
22.65212222,88.37936389,1,24488
22.643393,88.429851,1,23304
22.622355,88.44774,1,22231
22.61195,88.41799167,1,24318
22.607236,88.410606,1,22063
22.632986,88.434426,1,22468
22.603277,88.41626,1,21567
22.622776,88.44515,1,22124
22.605409,88.422963,1,21250
22.611465,88.42572,1,21302
22.62505543,88.43869924,1,24471
22.62951,88.378703,1,22463
22.606236,88.402602,1,23611
22.630226,88.434601,1,20496
22.60933,88.39968,1,23632
22.60395833,88.42480556,1,24478
22.60559167,88.41115556,1,24308
22.617834,88.43241,1,22743
22.610885,88.40887333,1,23705
22.614367,88.411636,1,20768
22.626559,88.433674,1,23837
22.617299,88.431251,1,22243
22.620198,88.395562,1,22790
22.632906,88.414343,1,20757
22.651925,88.377555,1,21985
22.61089,88.40889,1,23594
22.625964,88.378805,1,21718
22.633753,88.434624,1,20794
22.609334,88.400092,1,20802
22.660544,88.386804,1,21416
22.60636333,88.41104333,1,23600
22.638174,88.377972,1,22061
22.664423,88.443405,1,21417
22.632926,88.43458,1,22467
22.615462,88.412148,1,23146
22.63554,88.415638,1,23308
22.60379,88.424446,1,22831
22.602618,88.424949,1,23949
22.604403,88.40372,1,21237
22.617834,88.43241,1,23883
22.628886,88.433295,1,22754
22.622662,88.414332,1,22797
22.636144,88.378079,1,21810
22.61266333,88.42937833,1,24153
22.606404,88.402648,1,23159
22.610255,88.42814833,1,22068
22.632416,88.373047,1,23154
22.629732,88.421113,1,21329
22.641884,88.43086,1,22121
22.62743056,88.43366944,1,24398
22.618765,88.432105,1,23922
22.623274,88.41448,1,20658
22.617324,88.432063,1,23638
22.660492,88.385824,1,22668
22.609231,88.399649,1,20477
22.61035333,88.41439833,1,22237
22.63096944,88.378425,1,24072
22.612483,88.428981,1,22084
22.615462,88.412148,1,23702
22.651898,88.377693,1,22674
22.632986,88.434426,1,22469
22.603859,88.424857,1,21483
22.617891,88.41291,1,21940
22.64584722,88.37795278,1,24421
22.630054,88.421597,1,22042
22.619099,88.432117,1,22007
22.60636333,88.41104333,1,23643
22.615492,88.412143,1,24547
22.63116389,88.37806667,1,24281
22.622951,88.45008,1,21881
22.632926,88.43458,1,21587
22.62167833,88.43210167,1,24117
22.622087,88.450388,1,22428
22.64473,88.374614,1,23158
22.652304,88.376684,1,22838
22.621855,88.407706,1,21434
22.629606,88.434088,1,21993
22.660564,88.38701,1,23631
22.624337,88.433275,1,20791
22.622087,88.450388,1,21710
22.62244333,88.45095667,1,23911
22.636038,88.413422,1,21552
22.653029,88.378052,1,23205
22.615492,88.412143,1,24003
22.65223,88.377462,1,22649
22.60534444,88.41123333,1,24306
22.63743,88.373559,1,21612
22.622087,88.450388,1,22113
22.60632,88.402921,1,21469
22.656245,88.440423,1,23305
22.62241389,88.44667778,1,24384
22.620285,88.396055,1,22805
22.626559,88.433674,1,22165
22.646309,88.372065,1,23135
22.611059,88.408417,1,21569
22.620084,88.414033,1,21296
22.622159,88.449999,1,21500
22.623741,88.441583,1,22571
22.62052167,88.40583,1,23375
22.622087,88.450388,1,21518
22.622159,88.449999,1,21499
22.630812,88.379044,1,21892
22.621746,88.44863,1,23587
22.622159,88.449999,1,21502
22.635669,88.410214,1,23085
22.63051111,88.38397222,1,24073
22.622159,88.449999,1,21557
22.489105,88.394617,2,21944
22.47711,88.375955,2,21562
22.471718,88.381895,2,20393
22.44563,88.3932,2,24064
22.471682,88.381185,2,21466
22.465277,88.389599,2,21967
22.497987,88.37459,2,21413
22.49022333,88.39458333,2,22198
22.457836,88.377797,2,22466
22.466328,88.405045,2,23444
22.463205,88.379111,2,20694
22.468703,88.372782,2,21290
22.486805,88.350913,2,21989
22.467848,88.377777,2,21282
22.476354,88.376314,2,21969
22.49314833,88.371905,2,24030
22.483301,88.391066,2,21568
22.473807,88.362068,2,20320
22.4834,88.390919,2,24109
22.49779333,88.39952833,2,23878
22.472418,88.376445,2,23314
22.462129,88.380098,2,23312
22.459078,88.36467,2,23361
22.48735,88.393718,2,21130
22.472435,88.365164,2,23512
22.46753333,88.37905333,2,24063
22.48497,88.37178333,2,24029
22.480525,88.35712333,2,24094
22.48047333,88.35722833,2,24025
22.496321,88.369919,2,21435
22.46584833,88.37707333,2,23880
22.487987,88.373422,2,21966
22.488121,88.393102,2,23290
22.473937,88.393389,2,22574
22.46649333,88.40361,2,22023
22.49207167,88.39949,2,22207
22.480915,88.357335,2,22416
22.453116,88.388558,2,23131
22.497575,88.40268167,2,23666
22.458545,88.383564,2,22048
22.480525,88.35712333,2,23905
22.49622167,88.36805167,2,23970
22.485868,88.392906,2,23476
22.482508,88.353437,2,21882
22.493638,88.371708,2,22022
22.479885,88.356195,2,23896
22.444812,88.393362,2,23372
22.49022333,88.39458333,2,23296
22.473997,88.376448,2,22861
22.4834,88.390919,2,24102
22.45536,88.386206,2,23310
22.495806,88.399343,2,22744
22.471523,88.38913,2,22857
22.47021167,88.37019333,2,21937
22.47527333,88.37638667,2,23882
22.496069,88.370217,2,21763
22.479781,88.355675,2,20693
22.48503056,88.35201944,2,24448
22.485692,88.367537,2,22147
22.495565,88.370481,2,20735
22.497342,88.374034,2,21484
22.475191,88.400786,2,22183
22.48868,88.39446333,2,23793
22.487144,88.393341,2,20725
22.497476,88.374683,2,21404
22.472961,88.36386,2,22446
22.487695,88.373639,2,21694
22.48015,88.35628611,2,24510
22.470681,88.404788,2,23128
22.495989,88.36986,2,22657
22.48949722,88.39099167,2,24360
22.488805,88.394499,2,23414
22.484105,88.37527,2,21392
22.496056,88.369421,2,22966
22.487405,88.393407,2,23829
22.462925,88.38024667,2,23657
22.472418,88.376445,2,21971
22.48981944,88.39493611,2,24100
22.49765167,88.37564333,2,23654
22.48908889,88.38935833,2,24202
22.484644,88.356385,2,21476
22.475127,88.400586,2,22208
22.462442,88.379696,2,22481
22.47927778,88.3759,2,24409
22.463368,88.379601,2,20682
22.487296,88.393135,2,20384
22.47215667,88.365895,2,24031
22.464154,88.379833,2,23149
22.459046,88.383461,2,23221
22.483122,88.375745,2,21734
22.475286,88.400576,2,22606
22.458545,88.383564,2,22041
22.49596,88.37015,2,22172
22.48316,88.35305833,2,23740
22.496165,88.369428,2,21635
22.49595,88.370643,2,20061
22.480733,88.375948,2,23953
22.493385,88.389355,2,23741
22.463075,88.38002778,2,24336
22.4834,88.390919,2,24104
22.489425,88.394786,2,21995
22.467721,88.37883,2,22420
22.480349,88.35666,2,20911
22.488815,88.361582,2,21862
22.462925,88.38024667,2,23658
22.49501944,88.37122222,2,24463
22.484557,88.352273,2,22443
22.49606,88.369969,2,20085
22.492753,88.37208,2,21558
22.487085,88.393421,2,23332
22.493253,88.371871,2,23791
22.495488,88.369983,2,20904
22.493029,88.371878,2,20681
22.496034,88.369405,2,22091
22.502764,88.387388,2,22188
22.487291,88.39334263,2,21465
22.488352,88.394354,2,23477
22.495927,88.370429,2,22904
22.492007,88.371964,2,20613
22.522644,88.346479,3,20885
22.5156741,88.34662,3,21706
22.521358,88.371032,3,21957
22.524578,88.365876,3,21076
22.508117,88.367323,3,20624
22.504504,88.348899,3,22371
22.50109167,88.35756667,3,24020
22.504995,88.37014167,3,24023
22.502075,88.359266,3,21232
22.522351,88.351908,3,21791
22.528054,88.3456,3,21319
22.517906,88.352447,3,22378
22.525,88.366335,3,21075
22.503325,88.367555,3,21331
22.52843,88.352741,3,20722
22.502545,88.364476,3,20246
22.528807,88.365858,3,20127
22.529041,88.369536,3,22131
22.52615278,88.35758333,3,24351
22.517651,88.364281,3,22221
22.521145,88.368058,3,23427
22.518059,88.346244,3,23439
22.50964167,88.3696,3,23625
22.52359,88.346131,3,21670
22.520985,88.36983,3,23872
22.528917,88.36893,3,22957
22.508269,88.367451,3,21178
22.511487,88.348921,3,21883
22.522438,88.346651,3,21938
22.510988,88.372585,3,22150
22.51111,88.350648,3,23008
22.514611,88.366948,3,20494
22.512304,88.349843,3,21741
22.529692,88.352968,3,22675
22.501317,88.357519,3,22097
22.517538,88.347041,3,20673
22.516353,88.355607,3,22664
22.524767,88.370011,3,22617
22.515511,88.367044,3,21127
22.517334,88.348528,3,21744
22.503634,88.376427,3,22159
22.51635278,88.35553056,3,23937
22.507794,88.367868,3,21058
22.501853,88.357671,3,20690
22.525723,88.352426,3,21505
22.522864,88.34571,3,22532
22.516834,88.34769,3,21871
22.50161111,88.35805556,3,24462
22.51686111,88.34671667,3,24484
22.52365,88.34587222,3,24413
22.51691,88.346423,3,23573
22.524073,88.346815,3,23094
22.509024,88.345445,3,23067
22.519529,88.371687,3,22504
22.52067333,88.37130667,3,23870
22.501173,88.363975,3,23571
22.503042,88.356507,3,23309
22.519782,88.365062,3,23407
22.52205667,88.358725,3,23699
22.51731333,88.34989,3,23844
22.53111,88.36868,3,21835
22.509061,88.345887,3,21291
22.522629,88.361881,3,23187
22.518493,88.363937,3,20713
22.528637,88.345524,3,21286
22.509138,88.3457,3,21226
22.49302,88.345297,3,21754
22.512966,88.348816,3,22162
22.516826,88.344076,3,23266
22.527148,88.365942,3,22110
22.517334,88.354205,3,21378
22.524063,88.344859,3,22012
22.513865,88.353154,3,22174
22.516469,88.366835,3,21150
22.527396,88.345433,3,23129
22.51530556,88.35000556,3,24079
22.516829,88.366856,3,20809
22.52467,88.366491,3,23320
22.501446,88.361165,3,22821
22.502024,88.357709,3,20611
22.516125,88.358413,3,21748
22.527423,88.345745,3,23381
22.507564,88.368702,3,22194
22.5168,88.349517,3,20746
22.518707,88.354131,3,23616
22.520558,88.367216,3,23599
22.518727,88.365794,3,22965
22.51642778,88.35240833,3,24466
22.516836,88.352281,3,21897
22.50219444,88.36141944,3,24364
22.506523,88.367113,3,21333
22.505159,88.367245,3,21124
22.501991,88.361841,3,21811
22.520996,88.365444,3,20149
22.52333611,88.34570278,3,24416
22.51412,88.362419,3,21119
22.51668,88.336201,3,21756
22.515476,88.365622,3,22017
22.52309,88.364724,3,22659
22.49781667,88.35916333,3,23881
22.51590556,88.36727778,3,24379
22.519405,88.363683,3,23425
22.491533,88.347277,3,21234
22.505331,88.367896,3,23609
22.517069,88.345297,3,22072
22.51752807,88.35552632,3,24682
22.519106,88.352123,3,20726
22.516705,88.362586,3,23355
22.502269,88.357877,3,20738
22.50250556,88.36453889,3,24495
22.501446,88.361165,3,22814
22.501446,88.361165,3,22813
22.50650167,88.36689333,3,24183
22.516745,88.36606833,3,20813
22.51802222,88.35543889,3,24425
22.521869,88.347578,3,21348
22.527051,88.352755,3,20721
22.51649444,88.36605833,3,24476
22.49704444,88.35772778,3,24505
22.519941,88.34634,3,22409
22.514559,88.34784,3,22616
22.527648,88.345755,3,22901
22.517413,88.366145,3,24324
22.52867833,88.34567,3,23864
22.50223,88.357754,3,20138
22.517228,88.34906,3,23608
22.516787,88.367023,3,21050
22.505847,88.363995,3,21675
22.502076,88.362019,3,23391
22.52705556,88.35283611,3,24192
22.49816,88.357162,3,23821
22.515558,88.347515,3,21707
22.50411,88.34535,3,22137
22.518603,88.361911,3,20621
22.49835,88.35701333,3,23580
22.501446,88.361165,3,22820
22.501653,88.357561,3,20692
22.527475,88.365487,3,21137
22.52391944,88.345725,3,24337
22.491117,88.34737,3,21722
22.504092,88.373114,3,21475
22.513013,88.348738,3,22368
22.516142,88.364279,3,23808
22.522765,88.365451,3,22945
22.502286,88.36382,3,23165
22.51664167,88.3525,3,24481
22.515838,88.352872,3,21772
22.517678,88.355266,3,22864
22.516902,88.366988,3,20637
22.51883056,88.36061111,3,24380
22.501446,88.361165,3,22816
22.515221,88.357989,3,22140
22.52807,88.366291,3,21716
22.501446,88.361165,3,22817
22.501991,88.361841,3,23404
22.519495,88.363995,3,22083
22.515544,88.3526,3,22535
22.514777,88.360615,3,21759
22.501446,88.361165,3,22812
22.492857,88.345485,3,22531
22.50216,88.362621,3,23164
22.502109,88.357594,3,20688
22.517019,88.352289,3,22769
22.50458,88.367853,3,21156
22.516797,88.362948,3,20847
22.518559,88.352103,3,23877
22.531957,88.365081,3,22963
22.503094,88.357042,3,23932
22.501671,88.35792,3,23934
22.527939,88.357917,3,21151
22.518962,88.365633,3,23835
22.515345,88.35398167,3,24074
22.49306,88.345457,3,21262
22.516967,88.365819,3,21118
22.523581,88.345553,3,21046
22.501446,88.361165,3,22822
22.52541333,88.35157667,3,23640
22.502156,88.359473,3,20472
22.521405,88.36868,3,21723
22.501991,88.361841,3,23147
22.513918,88.352747,3,20691
22.501446,88.361165,3,22811
22.50218889,88.36301389,3,24093
22.527038,88.368552,3,20803
22.50650167,88.36689333,3,24175
22.516105,88.352719,3,24456
22.51108833,88.34686333,3,23691
22.516105,88.352719,3,23590
22.52095833,88.36506667,3,24167
22.520349,88.338146,3,23393
22.516365,88.366632,3,22905
22.516866,88.354226,3,22087
22.517835,88.366153,3,22422
22.51776,88.363686,3,22665
22.501925,88.357606,3,20687
22.526712,88.366245,3,21637
22.515014,88.351751,3,23192
22.525723,88.352426,3,23794
22.501119,88.357552,3,23377
22.518948,88.361654,3,20920
22.521056,88.3619,3,21545
22.528212,88.36582,3,20710
22.501768,88.36198,3,23981
22.501768,88.36198,3,23167
22.52346667,88.34253056,3,24428
22.526955,88.355151,3,22572
22.517943,88.354394,3,24654
22.52309,88.364724,3,23343
22.517066,88.345278,3,21251
22.51065,88.37228333,3,23904
22.520228,88.360845,3,23559
22.529286,88.352809,3,21773
22.515228,88.351271,3,23194
22.501446,88.361165,3,22818
22.518642,88.365467,3,23180
22.518585,88.36314667,3,23873
22.501446,88.361165,3,22819
22.503546,88.375259,3,24444
22.513699,88.353118,3,23014
22.504198,88.364728,3,20734
22.487435,88.350551,3,23501
22.509497,88.369139,3,23076
22.501446,88.361165,3,22815
22.502606,88.35525,3,21847
22.521338,88.366629,3,22601
22.501768,88.36198,3,23170
22.52309,88.364724,3,23415
22.515492,88.367267,3,23283
22.514099,88.362337,3,20622
22.516827,88.362361,3,21160
22.528107,88.358011,3,22454
22.517029,88.367103,3,21948
22.506609,88.365504,3,21015
22.519293,88.362734,3,20065
22.518374,88.361871,3,20844
22.513352,88.348144,3,20516
22.516087,88.356129,3,24193
22.515468,88.365742,3,20661
22.525395,88.361233,3,21070
22.51775,88.354352,3,23806
22.523338,88.363458,3,22661
22.52309,88.364724,3,22809
22.526633,88.346171,3,23456
22.528165,88.358814,3,20957
22.50219722,88.36144167,3,24363
22.501704,88.357801,3,23648
22.518764,88.36576,3,22964
22.515819,88.352906,3,20709
22.517091,88.361411,3,21997
22.516764,88.352722,3,22543
22.528674,88.347203,3,21049
22.52014,88.360967,3,20072
22.50048,88.361911,3,21090
22.521244,88.365245,3,20647
22.51682833,88.35403167,3,23649
22.517185,88.348923,3,22576
22.518059,88.346244,3,21209
22.524611,88.36916,3,23406
22.5156,88.35208,3,23274
22.506496,88.367186,3,20518
22.502266,88.360417,3,22719
22.52309,88.364724,3,22660
22.516957,88.346128,3,23042
22.526712,88.366245,3,21640
22.511244,88.348156,3,23606
22.516378,88.352431,3,23382
22.517872,88.354244,3,21646
22.517114,88.355892,3,23199
22.513132,88.351573,3,22534
22.516582,88.348602,3,22612
22.501991,88.361841,3,20962
22.516794,88.361513,3,23817
22.52570278,88.36279167,3,24382
22.513544,88.353057,3,20867
22.515996,88.352002,3,22407
22.519911,88.352657,3,22970
22.514361,88.352648,3,21377
22.53181944,88.36392222,3,24080
22.524555,88.35347833,3,23771
22.5156,88.35208,3,23268
22.501991,88.361841,3,21566
22.501882,88.357766,3,23342
22.509403,88.367897,3,23219
22.517652,88.357773,3,21313
22.521994,88.348644,3,20784
22.516021,88.352876,3,22010
22.505713,88.367304,3,23894
22.529965,88.367972,3,21561
22.497962,88.356457,3,21495
22.526708,88.34556,3,20079
22.51925556,88.35886389,3,24195
22.517677,88.360346,3,20082
22.502985,88.358104,3,21778
22.524359,88.36843,3,22362
22.516836,88.366993,3,21669
22.515461,88.36805,3,23639
22.517413,88.366145,3,21381
22.517022,88.364054,3,21634
22.517118,88.365051,3,20293
22.519403,88.363619,3,20363
22.517678,88.358909,3,23224
22.523152,88.364743,3,20348
22.513902,88.352949,3,23655
22.516447,88.359156,3,23597
22.502076,88.362019,3,23730
22.517909,88.345037,3,22206
22.501991,88.361841,3,20895
22.518682,88.35016,3,23273
22.517012,88.349662,3,20044
22.501991,88.361841,3,21219
22.514941,88.352829,3,21214
22.527691,88.368527,3,20002
22.501446,88.361165,3,20890
22.501961,88.361852,3,21593
22.526942,88.36852,3,22846
22.524366,88.368503,3,21829
22.523342,88.347853,3,21885
22.52891,88.355738,3,21519
22.518559,88.352103,3,20859
22.524807,88.355215,3,21507
22.501991,88.361841,3,22008
22.515005,88.346305,3,22487
22.518374,88.357628,3,20240
22.502076,88.362019,3,20933
22.513831,88.353277,3,21550
22.51160556,88.3525,3,20862
22.51421833,88.36246,3,24008
22.515385,88.353665,3,23964
22.501271,88.352013,3,23216
22.515163,88.3677,3,24530
22.520811,88.353109,3,21548
22.524462,88.367052,3,22866
22.501991,88.361841,3,20969
22.519507,88.363176,3,20665
22.516336,88.361816,3,22164
22.528384,88.36639,3,22540
22.51738,88.361545,3,20083
22.525706,88.352648,3,23636
22.51817222,88.36691944,3,23927
22.514616,88.353755,3,20833
22.501991,88.361841,3,20927
22.49704,88.359577,3,23295
22.529103,88.368785,3,21520
22.57730833,88.41018333,4,24085
22.592312,88.391825,4,21490
22.56444167,88.39665,4,22729
22.588565,88.407948,4,21113
22.601739,88.428011,4,22104
22.577706,88.401519,4,22251
22.581564,88.458859,4,22788
22.572813,88.431395,4,23668
22.58820833,88.40786111,4,24354
22.591695,88.39298,4,21284
22.601896,88.427926,4,23781
22.592102,88.391785,4,22845
22.57808,88.401807,4,23935
22.58823889,88.40800556,4,24423
22.59068167,88.39840833,4,24081
22.580276,88.412215,4,22139
22.591185,88.415313,4,23431
22.596693,88.432385,4,23389
22.572007,88.432997,4,22781
22.588565,88.407948,4,21546
22.56061667,88.49147,4,23635
22.56880134,88.43371105,4,23850
22.580041,88.460336,4,23432
22.601541,88.42962,4,22839
22.558874,88.413859,4,22480
22.572449,88.432592,4,20192
22.577805,88.400808,4,21221
22.585301,88.400279,4,22709
22.577805,88.400808,4,22252
22.56880134,88.43371105,4,21972
22.58797833,88.409255,4,24131
22.56977667,88.39012167,4,24140
22.58942,88.411456,4,21563
22.56931111,88.43092222,4,24327
22.57958,88.39020167,4,23913
22.570711,88.435226,4,21865
22.58793167,88.40923167,4,24127
22.584103,88.415458,4,22060
22.588565,88.407948,4,22475
22.60321,88.403656,4,21746
22.601749,88.430479,4,22840
22.57184,88.408471,4,20292
22.587898,88.408028,4,24133
22.577805,88.400808,4,22829
22.564849,88.388647,4,22588
22.570654,88.388934,4,23182
22.573726,88.390052,4,22603
22.580509,88.411644,4,23422
22.590576,88.421143,4,21387
22.597133,88.417346,4,20653
22.56683,88.411272,4,21684
22.577805,88.400808,4,22253
22.57826667,88.414835,4,24076
22.562615,88.39586667,4,23281
22.573952,88.409032,4,20678
22.588565,88.407948,4,20876
22.571041,88.3958,4,22500
22.586411,88.424419,4,22658
22.598597,88.411909,4,23083
22.59871333,88.412975,4,23750
22.595115,88.417561,4,20779
22.57771167,88.41332,4,24137
22.595585,88.410448,4,21016
22.588565,88.407948,4,21709
22.593325,88.433715,4,24162
22.572325,88.432465,4,20908
22.592068,88.427833,4,20563
22.595125,88.397616,4,23248
22.56956944,88.43194444,4,24455
22.577706,88.401519,4,22363
22.583166,88.416506,4,21513
22.577706,88.401519,4,22774
22.577706,88.401519,4,24433
22.56961,88.433563,4,23795
22.568968,88.433587,4,21768
22.566483,88.411289,4,22735
22.569384,88.433447,4,23962
22.570337,88.432206,4,22739
22.587898,88.408028,4,24130
22.59224,88.39177,4,21271
22.58657,88.40381,4,21468
22.56444167,88.39665,4,22595
22.569575,88.431376,4,22178
22.57485667,88.41403167,4,23633
22.56676833,88.41090833,4,24054
22.577805,88.400808,4,22361
22.585595,88.39881833,4,23728
22.577805,88.400808,4,22192
22.569388,88.411136,4,21359
22.587898,88.408028,4,24132
22.595987,88.415777,4,20478
22.571846,88.433652,4,23244
22.585922,88.421821,4,20770
22.58145278,88.45057778,4,24296
22.585836,88.421906,4,20769
22.59390333,88.43330167,4,23385
22.578012,88.427795,4,22804
22.588565,88.407948,4,22478
22.59039722,88.42541389,4,24378
22.601294,88.406526,4,21273
22.570928,88.431874,4,23918
22.579793,88.395215,4,22620
22.600756,88.406252,4,23851
22.571531,88.40975,4,20510
22.569416,88.404468,4,21501
22.571187,88.434255,4,21570
22.568968,88.433587,4,20982
22.600808,88.406178,4,22073
22.58596,88.42193167,4,24087
22.602339,88.40537,4,23265
22.600887,88.406373,4,21762
22.57723167,88.38999833,4,23279
22.588342,88.408755,4,22405
22.573262,88.413798,4,23417
22.60185167,88.42914333,4,22106
22.57537667,88.39180333,4,23746
22.568462,88.433279,4,21595
22.588565,88.407948,4,20618
22.589704,88.408914,4,22168
22.568968,88.433587,4,21351
22.59777,88.409694,4,22439
22.58824667,88.40935333,4,23824
22.583574,88.417284,4,20359
22.58232,88.391194,4,21231
22.594793,88.420529,4,21140
22.571187,88.434255,4,23238
22.57274,88.420943,4,22419
22.587898,88.408028,4,24134
22.581705,88.460766,4,21621
22.56683,88.411272,4,23466
22.569765,88.431725,4,22624
22.581705,88.460766,4,23246
22.571199,88.396701,4,23464
22.580041,88.460336,4,21815
22.58581333,88.39899167,4,22219
22.575372,88.43368,4,23628
22.573748,88.433145,4,21757
22.573533,88.41342,4,22791
22.59876833,88.41352833,4,23823
22.602223,88.407805,4,20755
22.572528,88.413124,4,20151
22.601209,88.40606,4,22059
22.580041,88.460336,4,21992
22.583527,88.417057,4,20646
22.569426,88.411912,4,21893
22.598414,88.413615,4,20756
22.588565,88.407948,4,20843
22.601346,88.406097,4,21420
22.57958,88.39020167,4,23595
22.580928,88.389902,4,21824
22.584328,88.391248,4,23386
22.588278,88.408653,4,23212
22.571846,88.433652,4,22667
22.588243,88.404361,4,21834
22.591913,88.392338,4,22849
22.587272,88.408603,4,22477
22.570206,88.415509,4,22234
22.58825,88.409355,4,23820
22.576281,88.430791,4,20063
22.590383,88.393045,4,23440
22.573597,88.433111,4,21532
22.602483,88.405738,4,20787
22.575348,88.432514,4,20036
22.59359333,88.396775,4,23593
22.572185,88.432268,4,24480
22.582859,88.416512,4,23416
22.58360714,88.41620864,4,23642
22.588278,88.408653,4,23197
22.598515,88.413692,4,22421
22.572474,88.412997,4,20552
22.58964167,88.42893167,4,23959
22.56880134,88.43371105,4,23947
22.57175556,88.43372222,4,24537
22.565203,88.394494,4,21761
22.571625,88.426536,4,21998
22.576888,88.412231,4,21814
22.571989,88.432968,4,23093
22.592368,88.416808,4,20608
22.590398,88.411585,4,22933
22.577706,88.401519,4,23674
22.568968,88.433587,4,23895
22.569451,88.433401,4,23369
22.587689,88.409233,4,22404
22.571199,88.396701,4,22403
22.586435,88.424437,4,21383
22.56880134,88.43371105,4,21488
22.58601833,88.489515,4,23787
22.580024,88.459762,4,21574
22.56880134,88.43371105,4,22426
22.588565,88.407948,4,21064
22.57905,88.46038889,4,24350
22.580041,88.460336,4,21855
22.581641,88.449181,4,21876
22.577805,88.400808,4,22453
22.572165,88.433657,4,21664
22.57245,88.413084,4,20371
22.577805,88.400808,4,21354
22.577805,88.400808,4,22414
22.577805,88.400808,4,22190
22.602398,88.405458,4,20761
22.588565,88.407948,4,20657
22.598959,88.412207,4,23256
22.588565,88.407948,4,20235
22.58814167,88.40935167,4,23924
22.58765,88.40917,4,23907
22.570701,88.405263,4,20943
22.58942,88.411453,4,21565
22.568745,88.433659,4,23325
22.601541,88.431257,4,23946
22.588565,88.407948,4,21639
22.59056833,88.42611167,4,23592
22.588565,88.407948,4,21496
22.588278,88.408653,4,24328
22.58029167,88.38985556,4,24418
22.56886667,88.39093333,4,22602
22.583533,88.416606,4,23553
22.595895,88.416922,4,23327
22.572469,88.413127,4,20299
22.577805,88.400808,4,21220
22.575134,88.432431,4,23767
22.56436833,88.410345,4,24116
22.571021,88.436294,4,21609
22.595761,88.416422,4,21129
22.58583333,88.40364167,4,24254
22.571021,88.40096,4,21633
22.569388,88.411136,4,21371
22.588278,88.408653,4,22869
22.577706,88.401519,4,20782
22.570444,88.435822,4,23237
22.594853,88.41844,4,23596
22.56880134,88.43371105,4,23213
22.57446333,88.38962667,4,22991
22.569388,88.411136,4,23923
22.570701,88.405263,4,21614
22.569388,88.411136,4,21360
22.57453,88.389542,4,21274
22.576762,88.433621,4,24221
22.599943,88.423396,4,24201
22.57674333,88.41321667,4,24009
22.598287,88.411526,4,21702
22.590398,88.411585,4,22934
22.578013,88.431982,4,21241
22.584821,88.391563,4,21269
22.577805,88.400808,4,21218
22.569765,88.431725,4,23214
22.588278,88.408653,4,22648
22.576222,88.391023,4,23468
22.567407,88.411188,4,21604
22.58961389,88.408775,4,24313
22.580041,88.460336,4,23433
22.588565,88.407948,4,20970
22.59183,88.392816,4,21281
22.573262,88.413798,4,23418
22.588486,88.408645,4,22351
22.588565,88.407948,4,22107
22.594932,88.41833,4,21138
22.596825,88.418034,4,22782
22.572185,88.432268,4,23185
22.588565,88.407948,4,20852
22.572185,88.432268,4,23186
22.570701,88.405263,4,20942
22.588565,88.407948,4,21598
22.573262,88.413798,4,21954
22.56904167,88.433775,4,23942
22.569587,88.431924,4,21350
22.59522833,88.41930333,4,23933
22.59919722,88.40998889,4,24300
22.590287,88.409205,4,21308
22.598857,88.408087,4,21630
22.588278,88.408653,4,21426
22.570701,88.405263,4,20941
22.570701,88.405263,4,20940
22.585039,88.421364,4,22391
22.56857222,88.43311944,4,20842
22.76032,88.36991833,5,23203
22.681287,88.375718,5,21721
22.760276,88.370399,5,21830
22.760726,88.368178,5,22184
22.761332,88.366457,5,23132
22.75960833,88.37106,5,23204
22.759609,88.370809,5,23123
22.68524667,88.37548333,5,21401
22.767595,88.388162,5,23348
22.702098,88.372709,5,23113
22.75958833,88.370755,5,23644
22.76007833,88.37031167,5,22662
22.761016,88.37022,5,21875
22.53001,88.395336,6,23527
22.522626,88.396036,6,23430
22.521829,88.398496,6,21427
22.5139,88.396213,6,20700
22.512599,88.400207,6,21467
22.51902333,88.38097167,6,23897
22.530074,88.387413,6,22157
22.504092,88.39683,6,21833
22.507879,88.384484,6,22211
22.5108,88.38208167,6,24107
22.534471,88.379986,6,22599
22.514604,88.3916,6,22370
22.5139,88.395497,6,23245
22.50692667,88.39540167,6,22209
22.528776,88.382016,6,21848
22.52903667,88.37989167,6,23780
22.537987,88.388217,6,23411
22.516606,88.388153,6,22355
22.543903,88.389428,6,21418
22.514794,88.392748,6,23368
22.51817333,88.383485,6,23502
22.51768889,88.39331111,6,24209
22.50243,88.391407,6,21853
22.500504,88.399834,6,20902
22.51815833,88.37684722,6,24250
22.519325,88.385289,6,21120
22.52585833,88.37624444,6,24249
22.52833333,88.38687333,6,22233
22.52847222,88.38795556,6,24113
22.544341,88.397677,6,21628
22.530307,88.385245,6,21846
22.545553,88.386503,6,23548
22.528421,88.385127,6,23376
22.546013,88.389974,6,21449
22.51599,88.389011,6,21069
22.522936,88.396735,6,21068
22.531276,88.396049,6,22575
22.554257,88.391676,6,21447
22.533073,88.395785,6,21148
22.5133,88.398102,6,23243
22.516155,88.38896667,6,20917
22.550631,88.392023,6,21442
22.539716,88.379822,6,22245
22.513469,88.400076,6,22854
22.547619,88.391391,6,20863
22.506533,88.397739,6,22210
22.512929,88.405462,6,22713
22.504529,88.397645,6,21395
22.542643,88.392743,6,20857
22.52281,88.39782,6,23087
22.546486,88.387262,6,22496
22.52384444,88.37800556,6,24359
22.547949,88.391461,6,20856
22.51801944,88.37693889,6,24232
22.504484,88.39857,6,22218
22.528711,88.37988,6,21821
22.546983,88.387781,6,22609
22.514571,88.390309,6,21430
22.50425,88.400215,6,20869
22.531055,88.396001,6,21152
22.54152833,88.38690333,6,23930
22.51335333,88.39277667,6,23828
22.50154833,88.40171,6,23659
22.519465,88.38393,6,21117
22.54722,88.392094,6,20830
22.515244,88.38988,6,20918
22.514794,88.392748,6,22096
22.549085,88.400491,6,22197
22.515144,88.389969,6,23280
22.514465,88.39114,6,23811
22.514035,88.396452,6,21073
22.545478,88.387675,6,21494
22.513023,88.400775,6,23442
22.515164,88.389709,6,23191
22.54432,88.398612,6,23957
22.549417,88.390658,6,23096
22.514794,88.392748,6,21869
22.51888333,88.39413333,6,24454
22.544341,88.397677,6,21626
22.530993,88.396208,6,20453
22.542889,88.390535,6,21866
22.515773,88.389022,6,23357
22.546895,88.387841,6,21431
22.513937,88.395556,6,21818
22.538418,88.386302,6,22631
22.519311,88.384789,6,23242
22.513023,88.400775,6,23809
22.54935,88.390489,6,22161
22.544341,88.397677,6,21613
22.546491,88.387265,6,21347
22.515567,88.38954,6,21851
22.546782,88.387362,6,23179
22.514782,88.391007,6,22947
22.545753,88.387454,6,21346
22.548975,88.400577,6,24452
22.544341,88.397677,6,21627
22.54432,88.398612,6,21357
22.549026,88.400647,6,21217
22.515918,88.392315,6,20912
22.548991,88.400604,6,21216
22.544341,88.397677,6,21516
22.544341,88.397677,6,21611
22.45705556,88.30568611,7,22397
22.48169,88.313577,7,21390
22.480728,88.310369,7,22513
22.48631667,88.31512333,7,23987
22.498641,88.340024,7,22974
22.505062,88.319375,7,20029
22.481526,88.313459,7,21808
22.50661,88.333082,7,22803
22.46920833,88.31163056,7,24179
22.481091,88.337955,7,22734
22.5012,88.317737,7,20625
22.481447,88.311278,7,22438
22.483933,88.304581,7,22003
22.50928,88.30003,7,23689
22.502199,88.318373,7,22505
22.505096,88.305924,7,23562
22.476723,88.338819,7,22732
22.507348,88.323483,7,22444
22.50817667,88.306635,7,20641
22.511605,88.324528,7,23857
22.512163,88.323723,7,21777
22.51256111,88.327025,7,24219
22.458024,88.305893,7,23225
22.458024,88.305893,7,22730
22.476696,88.310211,7,22525
22.493635,88.31590167,7,22047
22.481363,88.311001,7,22527
22.512297,88.328686,7,21730
22.51359167,88.32739167,7,24329
22.501394,88.321377,7,21999
22.472351,88.312691,7,22430
22.48531,88.29241333,7,23731
22.499788,88.32765,7,23217
22.51246333,88.32753333,7,24015
22.512701,88.328694,7,22582
22.508215,88.306589,7,20132
22.48688667,88.346465,7,23409
22.450102,88.302974,7,22424
22.508388,88.333663,7,20708
22.502706,88.318314,7,21301
22.45732,88.30669333,7,24177
22.486041,88.312954,7,21260
22.513005,88.328171,7,23429
22.502236,88.322476,7,22499
22.52137333,88.33259833,7,23919
22.512901,88.324112,7,21572
22.511605,88.324528,7,21733
22.501337,88.320894,7,22498
22.511447,88.304331,7,23563
22.486978,88.313596,7,20612
22.498358,88.320274,7,22386
22.502051,88.318266,7,21736
22.50888,88.306762,7,21485
22.497793,88.317346,7,21300
22.508892,88.333875,7,20706
22.49426667,88.31642778,7,24075
22.522168,88.331582,7,21685
22.50473333,88.31687333,7,23664
22.507966,88.320344,7,20705
22.522168,88.331582,7,21608
22.512473,88.32746,7,22462
22.499743,88.317434,7,21257
22.522168,88.331582,7,21596
22.472946,88.312139,7,23301
22.481187,88.313601,7,22437
22.515332,88.326323,7,22581
22.513578,88.32735,7,23356
22.503808,88.318327,7,22514
22.506372,88.335196,7,22442
22.50489,88.319175,7,21225
22.498897,88.317214,7,21805
22.50903889,88.3338,7,20307
22.496074,88.319453,7,21001
22.51246833,88.32843833,7,23940
22.513013,88.324585,7,22537
22.513855,88.322749,7,21515
22.494306,88.316422,7,21299
22.51248167,88.32755167,7,23916
22.508826,88.338006,7,21294
22.500918,88.319091,7,23331
22.522209,88.331335,7,21352
22.494664,88.319418,7,21861
22.512531,88.328408,7,21599
22.52211667,88.32789722,7,24343
22.512213,88.328916,7,20723
22.524599,88.33211,7,21605
22.512567,88.328764,7,22580
22.51556333,88.32481333,7,23814
22.589214,88.368972,8,22401
22.570887,88.361363,8,22908
22.573409,88.362605,8,22931
22.574077,88.363439,8,22895
22.575875,88.364389,8,22889
22.568014,88.351562,8,22038
22.593434,88.34445,8,21342
22.580338,88.351268,8,21703
22.577833,88.330449,8,20775
22.573394,88.365703,8,22886
22.578109,88.367954,8,23765
22.601233,88.373402,8,21344
22.593288,88.370356,8,21159
22.586059,88.367762,8,23969
22.586059,88.367762,8,21647
22.58598,88.367658,8,22364
22.593028,88.375204,8,21054
22.574186,88.363498,8,22903
22.567754,88.350299,8,22037
22.568445,88.356639,8,21538
22.585707,88.362777,8,20801
22.568283,88.341586,8,20815
22.59755,88.371831,8,22402
22.575657,88.365296,8,22892
22.586435,88.343562,8,21454
22.568482,88.349298,8,21585
22.577304,88.357299,8,22611
22.58705333,88.36785833,8,22367
22.586634,88.341099,8,20776
22.583407,88.33347,8,21320
22.59285711,88.3701146,8,20702
22.587897,88.339798,8,22694
22.617571,88.347715,8,23299
22.592934,88.340343,8,22766
22.596925,88.370954,8,21915
22.575163,88.33002,8,20662
22.605434,88.36868,8,22953
22.593216,88.36456,8,23508
22.592399,88.341515,8,22771
22.60369333,88.367495,8,22358
22.590187,88.363852,8,20414
22.589536,88.361486,8,23521
22.567479,88.355558,8,21254
22.62083167,88.34888167,8,22705
22.586611,88.341343,8,21453
22.584635,88.376915,8,21297
22.587897,88.372011,8,20703
22.60163,88.3725,8,21697
22.57973833,88.35692667,8,23769
22.598713,88.373023,8,21984
22.578908,88.359472,8,21223
22.592139,88.341499,8,22725
22.57296833,88.35763333,8,20762
22.574226,88.363509,8,22928
22.570397,88.357726,8,21753
22.587198,88.341097,8,22706
22.585257,88.341573,8,21443
22.573423,88.359105,8,23531
22.58147,88.355427,8,23139
22.587882,88.339659,8,21312
22.578689,88.368058,8,22910
22.58115,88.356985,8,23677
22.588715,88.36999167,8,22353
22.593085,88.375211,8,20028
22.586594,88.341365,8,22684
22.566384,88.359872,8,22918
22.586379,88.357938,8,23578
22.567058,88.352646,8,21714
22.566142,88.352807,8,23910
22.58466944,88.37674722,8,24289
22.576447,88.363089,8,23976
22.585836,88.364439,8,23515
22.59459167,88.37147167,8,23810
22.586677,88.340999,8,20807
22.592584,88.341649,8,22765
22.569847,88.344527,8,21315
22.59472167,88.36948,8,23849
22.57716333,88.3556,8,22873
22.59648833,88.34355333,8,22758
22.581495,88.365998,8,22872
22.56978889,88.34491667,8,24312
22.576997,88.372293,8,22040
22.585481,88.372936,8,21288
22.60369333,88.367495,8,22366
22.578842,88.359651,8,23762
22.57005,88.369431,8,22051
22.57277,88.363846,8,20356
22.579818,88.351815,8,21767
22.565399,88.351702,8,21674
22.58781667,88.33927333,8,23584
22.58545,88.369152,8,23520
22.59766944,88.36547222,8,24016
22.578733,88.360112,8,23513
22.586668,88.33416,8,22699
22.581633,88.366038,8,22874
22.578922,88.360268,8,21504
22.578441,88.368579,8,22923
22.586335,88.3634,8,20638
22.601204,88.373757,8,22357
22.621238,88.348703,8,23302
22.571992,88.354561,8,22919
22.586117,88.367769,8,21174
22.569637,88.357596,8,21227
22.568465,88.352747,8,20022
22.596602,88.362867,8,21162
22.597564,88.372076,8,22925
22.57678611,88.36859167,8,23833
22.566414,88.351853,8,21701
22.563709,88.367821,8,22127
22.57995,88.35684667,8,23270
22.586574,88.341891,8,22796
22.619757,88.348436,8,22704
22.56876,88.354604,8,23482
22.569976,88.352929,8,20648
22.577099,88.330228,8,23530
22.583979,88.366821,8,23384
22.571001,88.356557,8,22530
22.588258,88.37196,8,22449
22.590925,88.36401389,8,24290
22.592767,88.370174,8,21266
22.582745,88.366457,8,22955
22.58256333,88.35563,8,23605
22.57025833,88.36901,8,22098
22.59959,88.37232667,8,21982
22.573101,88.363849,8,21448
22.592931,88.341708,8,22767
22.590262,88.34196,8,23289
22.566761,88.354011,8,20926
22.60124722,88.37611389,8,24321
22.586445,88.367779,8,21157
22.581725,88.333136,8,20671
22.584217,88.363667,8,21445
22.597034,88.370869,8,23079
22.568876,88.357228,8,20786
22.572799,88.366899,8,22888
22.567058,88.352646,8,22254
22.597814,88.372183,8,21275
22.582498,88.362001,8,23497
22.57277333,88.35750833,8,23231
22.603043,88.372955,8,21055
22.58886167,88.37007833,8,21492
22.601687,88.373892,8,22365
22.575895,88.363453,8,23568
22.603426,88.371067,8,22354
22.593669,88.36474,8,21429
22.576096,88.36397,8,21764
22.58591,88.3661,8,22870
22.587815,88.33927333,8,23626
22.601323,88.373983,8,22448
22.569894,88.342038,8,21305
22.569802,88.344835,8,23465
22.587639,88.3397,8,21334
22.573349,88.365752,8,22893
22.567422,88.351967,8,20062
22.570074,88.351116,8,21255
22.567821,88.343515,8,21438
22.566961,88.356364,8,22883
22.567568,88.355758,8,20763
22.584715,88.367155,8,20137
22.57301,88.354033,8,22024
22.600133,88.372333,8,21933
22.599258,88.369865,8,22016
22.577678,88.357823,8,21886
22.601279,88.37332,8,21996
22.59678667,88.37106167,8,23847
22.57752,88.364348,8,22915
22.597441,88.374698,8,21224
22.583127,88.354173,8,21983
22.58126,88.355929,8,22724
22.59571,88.361752,8,23326
22.600358,88.373929,8,22447
22.600511,88.370123,8,21806
22.587495,88.367883,8,22435
22.602477,88.367608,8,21727
22.567033,88.349666,8,21760
22.567754,88.350299,8,23610
22.568252,88.355427,8,21208
22.59478,88.370755,8,23683
22.588935,88.37004,8,22432
22.567809,88.343607,8,23195
22.58392333,88.36231,8,23671
22.573961,88.363775,8,22785
22.569894,88.342038,8,20841
22.573409,88.351594,8,21553
22.582498,88.362001,8,23498
22.566979,88.352216,8,20670
22.570545,88.348788,8,22052
22.570124,88.351009,8,22710
22.601093,88.372146,8,21126
22.597203,88.369785,8,20677
22.569374,88.351573,8,22196
22.572864,88.366553,8,23223
22.592904,88.341756,8,21455
22.589219,88.369205,8,20719
22.565545,88.351551,8,22076
22.566701,88.356037,8,21280
22.568426,88.355555,8,20740
22.567415,88.352241,8,20679
22.583642,88.354454,8,22538
22.567754,88.350299,8,23901
22.567754,88.350299,8,23902
22.58776,88.367364,8,22431
22.568562,88.354435,8,21715
22.576361,88.365024,8,22406
22.579184,88.356565,8,21411
22.596925,88.370954,8,23359
22.573897,88.36265,8,20733
22.56793889,88.34999722,8,24197
22.591185,88.341268,8,21888
22.567259,88.354678,8,20147
22.59561,88.364931,8,21125
22.567754,88.350299,8,23898
22.567567,88.351828,8,20712
22.567402,88.354767,8,21391
22.59014,88.342438,8,22714
22.574186,88.364656,8,22173
22.59858833,88.36677,8,23680
22.568772,88.360299,8,22080
22.588734,88.365374,8,22078
22.56283167,88.29668333,9,23977
22.577084,88.30022,9,22483
22.56828333,88.32357667,9,22643
22.592445,88.31353333,9,23330
22.563036,88.323418,9,22488
22.557378,88.301303,9,22773
22.58547667,88.303895,9,23993
22.580195,88.29742,9,22485
22.584417,88.243657,9,22770
22.563036,88.323418,9,24288
22.56185833,88.314845,9,23978
22.570025,88.317015,9,22697
22.56333,88.30088333,9,23996
22.585475,88.30390667,9,22666
22.56818667,88.32375167,9,22641
22.56296333,88.296355,9,23980
22.563808,88.320197,9,22851
22.567444,88.309672,9,22507
22.568693,88.306764,9,22486
22.562659,88.325759,9,22707
22.580195,88.29742,9,22506
22.5931,88.270317,9,21623
22.563036,88.323418,9,22493
22.580442,88.29676,9,22721
22.563036,88.323418,9,22492
22.563036,88.323418,9,23988
22.569738,88.31778,9,22642
22.56188167,88.31435,9,23982
22.56309,88.296159,9,22552
22.575261,88.30229,9,21526
22.564029,88.312634,9,22792
22.5931,88.270317,9,21624
22.5931,88.270317,9,21622
22.563036,88.323418,9,23986
22.646076,88.084474,9,22673
22.563036,88.323418,9,21840
22.563036,88.323418,9,21839
22.538681,88.258402,9,21537
